{
  "n_estimators": 718,
  "learning_rate": 0.01258416770388198,
  "num_leaves": 36,
  "max_depth": 7,
  "subsample": 0.9335358233036447,
  "colsample_bytree": 0.7073516640143618,
  "reg_alpha": 9.535623733950507,
  "reg_lambda": 2.9043120401575107,
  "scale_pos_weight": 7.548333727251241,
  "objective": "binary",
  "random_state": 42,
  "n_jobs": -1,
  "verbose": -1
}