{
  "n_estimators": 1000,
  "learning_rate": 0.01005428532525141,
  "max_depth": 6,
  "min_child_weight": 1,
  "subsample": 0.7044243152534313,
  "colsample_bytree": 0.8594558010269875,
  "reg_alpha": 9.367201841414568,
  "reg_lambda": 0.018555998569303848,
  "scale_pos_weight": 7.548333727251241,
  "objective": "binary:logistic",
  "random_state": 42,
  "tree_method": "hist",
  "eval_metric": "auc",
  "n_jobs": -1
}